ALBUM_NAME,ARTIST,ALBUM_NAME_COMPLETE,SONG
The Number of the Beast,Iron Maiden,The Number of the Beast (1982), Hallowed Be Thy Name
Master of Puppets,Metallica,Master of Puppets (1986), Master of Puppets
Ace of Spades,Motörhead,Ace of Spades (1980), Ace of Spades
Black Sabbath,Black Sabbath,Black Sabbath (1970), Black Sabbath
Paranoid,Black Sabbath,Paranoid (1970), Paranoid
Ride the Lightning,Metallica,Ride the Lightning (1984), For Whom the Bell Tolls
Reign in Blood,Slayer,Reign in Blood (1986), Angel of Death
Sabotage,Black Sabbath,Sabotage (1975), Symptom of the Universe
Painkiller,Judas Priest,Painkiller (1990), Painkiller
The Number of the Beast,Iron Maiden,The Number of the Beast (1982), Children of the Damned
Iron Maiden,Iron Maiden,Iron Maiden (1980), Phantom of the Opera
Paranoid,Black Sabbath,Paranoid (1970), War Pigs
Ride the Lightning,Metallica,Ride the Lightning (1984), Fade to Black
...And Justice for All,Metallica,...And Justice for All (1988), One
Piece of Mind,Iron Maiden,Piece of Mind (1983), The Trooper
The Number of the Beast,Iron Maiden,The Number of the Beast (1982), The Number of the Beast
Paranoid,Black Sabbath,Paranoid (1970), Iron Man
Sabbath Bloody Sabbath,Black Sabbath,Sabbath Bloody Sabbath (1973), Sabbath Bloody Sabbath
Rust in Peace,Megadeth,Rust in Peace (1990), Holy Wars... The Punishment Due
Reign in Blood,Slayer,Reign in Blood (1986), Raining Blood
Rust in Peace,Megadeth,Rust in Peace (1990), Hangar 18
Ride the Lightning,Metallica,Ride the Lightning (1984), Creeping Death
Kill 'Em All,Metallica,Kill 'Em All (1983), The Four Horsemen
Peace Sells... But Who's Buying?,Megadeth,Peace Sells... But Who's Buying? (1986), Peace Sells
Overkill,Motörhead,Overkill (1979), Overkill
Sad Wings of Destiny,Judas Priest,Sad Wings of Destiny (1976), Victim of Changes
Holy Diver,Dio,Holy Diver (1983), Holy Diver
Heaven and Hell,Black Sabbath,Heaven and Hell (1980), Heaven and Hell
British Steel,Judas Priest,British Steel (1980), Breaking the Law
Powerslave,Iron Maiden,Powerslave (1984), Aces High
Ride the Lightning,Metallica,Ride the Lightning (1984), Ride the Lightning
Master of Reality,Black Sabbath,Master of Reality (1971), Sweet Leaf
Powerslave,Iron Maiden,Powerslave (1984), 2 Minutes to Midnight
Kill 'Em All,Metallica,Kill 'Em All (1983), Seek & Destroy
Black Sabbath Vol. 4,Black Sabbath,Black Sabbath Vol. 4 (1972), Snowblind
Screaming for Vengeance,Judas Priest,Screaming for Vengeance (1982), Electric Eye
Fear of the Dark,Iron Maiden,Fear of the Dark (1992), Fear of the Dark
Iron Maiden,Iron Maiden,Iron Maiden (1980), Prowler
Angel Witch,Angel Witch,Angel Witch (1980), Angel Witch
Master of Puppets,Metallica,Master of Puppets (1986), Welcome Home (Sanitarium)
Master of Reality,Black Sabbath,Master of Reality (1971), Children of the Grave
The Number of the Beast,Iron Maiden,The Number of the Beast (1982), Run to the Hills
South of Heaven,Slayer,South of Heaven (1988), South of Heaven
Somewhere in Time,Iron Maiden,Somewhere in Time (1986), Wasted Years
Blizzard of Ozz,Ozzy Osbourne,Blizzard of Ozz (1980), Crazy Train
Countdown to Extinction,Megadeth,Countdown to Extinction (1992), Symphony of Destruction
Powerslave,Iron Maiden,Powerslave (1984), Rime of the Ancient Mariner
Black Sabbath,Black Sabbath,Black Sabbath (1970), N.I.B.
Master of Puppets,Metallica,Master of Puppets (1986), Battery
Seasons in the Abyss,Slayer,Seasons in the Abyss (1990), Seasons in the Abyss
Powerslave,Iron Maiden,Powerslave (1984), Powerslave
Rust in Peace,Megadeth,Rust in Peace (1990), Tornado of Souls
Black Sabbath,Black Sabbath,Black Sabbath (1970), The Wizard
...And Justice for All,Metallica,...And Justice for All (1988), Blackened
Piece of Mind,Iron Maiden,Piece of Mind (1983), Flight of Icarus
Among the Living,Anthrax,Among the Living (1987), I Am the Law
Lightning to the Nations,Diamond Head,Lightning to the Nations (1980), Am I Evil
Rage Against the Machine,Rage Against the Machine,Rage Against the Machine (1992), Killing in the Name
Holy Diver,Dio,Holy Diver (1983), Don't Talk to Strangers
Stained Class,Judas Priest,Stained Class (1978), Exciter
Defenders of the Faith,Judas Priest,Defenders of the Faith (1984), The Sentinel
Ace of Spades,Motörhead,Ace of Spades (1980), (We Are) The Road Crew
Killers,Iron Maiden,Killers (1981), Wrathchild
So Far, So Good... So What!,Megadeth,So Far, So Good... So What! (1988), In My Darkest Hour
Wheels of Steel,Saxon,Wheels of Steel (1980), 747 (Strangers in the Night)
Bomber,Motörhead,Bomber (1979), Bomber
Heaven and Hell,Black Sabbath,Heaven and Hell (1980), Neon Knights
Seventh Son of a Seventh Son,Iron Maiden,Seventh Son of a Seventh Son (1988), Seventh Son of a Seventh Son
Peace Sells... But Who's Buying?,Megadeth,Peace Sells... But Who's Buying? (1986), Wake up Dead
Cowboys From Hell,Pantera,Cowboys From Hell (1990), Cowboys From Hell
Defenders of the Faith,Judas Priest,Defenders of the Faith (1984), Jawbreaker
Screaming for Vengeance,Judas Priest,Screaming for Vengeance (1982), You've Got Another Thing Comin'
Stained Class,Judas Priest,Stained Class (1978), Beyond the Realms of Death
Sin After Sin,Judas Priest,Sin After Sin (1977), Sinner
Melissa,Mercyful Fate,Melissa (1983), Evil
No Remorse,Motörhead,No Remorse (1984) [Compilation], Killed by Death
Black Sabbath,Black Sabbath,Black Sabbath (1970), Behind the Wall of Sleep
ΚΕΦΑΛΗΞΘ [Psalm 69],Ministry,ΚΕΦΑΛΗΞΘ [Psalm 69] (1992), N.W.O.
Master of Puppets,Metallica,Master of Puppets (1986), Disposable Heroes
The Jester Race,In Flames,The Jester Race (1996), Moonshield
Metallica,Metallica,Metallica (1991), Enter Sandman
Vulgar Display of Power,Pantera,Vulgar Display of Power (1992), Walk
ΚΕΦΑΛΗΞΘ [Psalm 69],Ministry,ΚΕΦΑΛΗΞΘ [Psalm 69] (1992), Just One Fix
Keeper of the Seven Keys Part II,Helloween,Keeper of the Seven Keys Part II (1988), I Want Out
Paranoid,Black Sabbath,Paranoid (1970), Electric Funeral
Metallica,Metallica,Metallica (1991), The Unforgiven
Wheels of Steel,Saxon,Wheels of Steel (1980), Motorcycle Man
Master of Reality,Black Sabbath,Master of Reality (1971), Into the Void
Killers,Iron Maiden,Killers (1981), Killers
Ace of Spades,Motörhead,Ace of Spades (1980), The Chase Is Better Than The Catch
The Crimson Idol,W.A.S.P.,The Crimson Idol (1992), Chainsaw Charlie (Murders in the New Morgue)
Among the Living,Anthrax,Among the Living (1987), Indians
Screaming for Vengeance,Judas Priest,Screaming for Vengeance (1982), Screaming for Vengeance
Spreading the Disease,Anthrax,Spreading the Disease (1985), Madhouse
Motörhead,Motörhead,Motörhead (1977), Motorhead
Killing Machine,Judas Priest,Killing Machine (1978), Hell Bent for Leather
Balls to the Wall,Accept,Balls to the Wall (1983), Balls to the Wall
Among the Living,Anthrax,Among the Living (1987), Caught in a Mosh
Overkill,Motörhead,Overkill (1979), No Class
Sabotage,Black Sabbath,Sabotage (1975), Hole in the Sky
Cowboys From Hell,Pantera,Cowboys From Hell (1990), Cemetery Gates
The Real Thing,Faith No More,The Real Thing (1989), Epic
Keeper of the Seven Keys Part I,Helloween,Keeper of the Seven Keys Part I (1987), Future World
Blizzard of Ozz,Ozzy Osbourne,Blizzard of Ozz (1980), I Don't Know
Seventh Son of a Seventh Son,Iron Maiden,Seventh Son of a Seventh Son (1988), Infinite Dreams
Bark at the Moon,Ozzy Osbourne,Bark at the Moon (1983), Bark At the Moon
Reign in Blood,Slayer,Reign in Blood (1986), Postmortem
Twilight of the Thunder God,Amon Amarth,Twilight of the Thunder God (2008), Twilight of the Thunder God
Sad Wings of Destiny,Judas Priest,Sad Wings of Destiny (1976), Tyrant
Heaven and Hell,Black Sabbath,Heaven and Hell (1980), Die Young
De mysteriis dom Sathanas,Mayhem,De mysteriis dom Sathanas (1994), Freezing Moon
Scream Bloody Gore,Death,Scream Bloody Gore (1987), Zombie Ritual
Symbolic,Death,Symbolic (1995), Crystal Mountain
Toxicity,System of a Down,Toxicity (2001), Chop Suey!
Keeper of the Seven Keys Part II,Helloween,Keeper of the Seven Keys Part II (1988), Keeper of the Seven Keys
Painkiller,Judas Priest,Painkiller (1990), Leather Rebel
The Gallery,Dark Tranquillity,The Gallery (1995), Punish My Heaven
Sin After Sin,Judas Priest,Sin After Sin (1977), Dissident Aggressor
Angel Dust,Faith No More,Angel Dust (1992), Midlife Crisis
Blackwater Park,Opeth,Blackwater Park (2001), The Drapery Falls
Toxicity,System of a Down,Toxicity (2001), Toxicity
Balls to Picasso,Bruce Dickinson,Balls to Picasso (1994), Tears of the Dragon
Hail to England,Manowar,Hail to England (1984), Blood of My Enemies
The New Order,Testament,The New Order (1988), Disciples of the Watch
Holy Diver,Dio,Holy Diver (1983), Stand Up and Shout
Rust in Peace,Megadeth,Rust in Peace (1990), Five Magics
Melissa,Mercyful Fate,Melissa (1983), Curse of the Pharaohs
Blackwater Park,Opeth,Blackwater Park (2001), Bleak
Blood Fire Death,Bathory,Blood Fire Death (1988), A Fine Day to Die
Morbid Tales,Celtic Frost,Morbid Tales (1984), Procreation (of the Wicked)
...And Justice for All,Metallica,...And Justice for All (1988), ...And Justice for All
Restless and Wild,Accept,Restless and Wild (1982), Fast As a Shark
The Last in Line,Dio,The Last in Line (1984), The Last in Line
Blizzard of Ozz,Ozzy Osbourne,Blizzard of Ozz (1980), Suicide Solution
Keeper of the Seven Keys Part II,Helloween,Keeper of the Seven Keys Part II (1988), Dr. Stein
To the Nameless Dead,Primordial,To the Nameless Dead (2007), Empire Falls
Hell Awaits,Slayer,Hell Awaits (1985), Hell Awaits
Seasons in the Abyss,Slayer,Seasons in the Abyss (1990), War Ensemble
The Chemical Wedding,Bruce Dickinson,The Chemical Wedding (1998), Book of Thel
Keeper of the Seven Keys Part I,Helloween,Keeper of the Seven Keys Part I (1987), Halloween
Abigail,King Diamond,Abigail (1987), Abigail
Ghost Reveries,Opeth,Ghost Reveries (2005), Ghost of Perdition
ΚΕΦΑΛΗΞΘ [Psalm 69],Ministry,ΚΕΦΑΛΗΞΘ [Psalm 69] (1992), Jesus Built My Hotrod
Blackwater Park,Opeth,Blackwater Park (2001), Blackwater Park
Operation: Mindcrime,Queensrÿche,Operation: Mindcrime (1988), Revolution Calling
Painkiller,Judas Priest,Painkiller (1990), A Touch of Evil
Dirt,Alice in Chains,Dirt (1992), Them Bones
The Sound of Perseverance,Death,The Sound of Perseverance (1998), Spirit Crusher
Beneath the Remains,Sepultura,Beneath the Remains (1989), Beneath the Remains
Master of Reality,Black Sabbath,Master of Reality (1971), After Forever
Countdown to Extinction,Megadeth,Countdown to Extinction (1992),Countdown to Extinction
The Ultimate Sin,Ozzy Osbourne,The Ultimate Sin (1986),Shot in the Dark
Wheels of Steel,Saxon,Wheels of Steel (1980),Wheels of Steel
Black Sabbath Vol. 4,Black Sabbath,Black Sabbath Vol. 4 (1972),Wheels of Confusion
The Last Command,W.A.S.P.,The Last Command (1985),Wild Child
Welcome to Hell,Venom,Welcome to Hell (1981),Welcome to Hell
Somewhere in Time,Iron Maiden,Somewhere in Time (1986),Alexander the Great
Ashes Against the Grain,Agalloch,Ashes Against the Grain (2006),Not Unlike the Waves
Mezmerize,System of a Down,Mezmerize (2005),B.Y.O.B.
Mob Rules,Black Sabbath,Mob Rules (1981),Mob Rules
Restless and Wild,Accept,Restless and Wild (1982),Princess of the Dawn
Chaos A.D.,Sepultura,Chaos A.D. (1993),Territory
South of Heaven,Slayer,South of Heaven (1988),Silent Scream
Overkill,Motörhead,Overkill (1979),Damage Case
The Jester Race,In Flames,The Jester Race (1996),Artifacts of the Black Rain
Hall of the Mountain King,Savatage,Hall of the Mountain King (1987),Hall of the Mountain King
Mob Rules,Black Sabbath,Mob Rules (1981),Falling Off the Edge of the World
Diary of a Madman,Ozzy Osbourne,Diary of a Madman (1981),Flying High Again
Reign in Blood,Slayer,Reign in Blood (1986),Jesus Saves
W.A.S.P.,W.A.S.P.,W.A.S.P. (1984),I Wanna Be Somebody
British Steel,Judas Priest,British Steel (1980),Metal Gods
Restless and Wild,Accept,Restless and Wild (1982),Restless and Wild
Sehnsucht,Rammstein,Sehnsucht (1997),Du Hast
Diary of a Madman,Ozzy Osbourne,Diary of a Madman (1981),Over the Mountain
Chaos A.D.,Sepultura,Chaos A.D. (1993),Refuse / Resist
Sabbath Bloody Sabbath,Black Sabbath,Sabbath Bloody Sabbath (1973),A National Acrobat
No More Tears,Ozzy Osbourne,No More Tears (1991),No More Tears
Brave New World,Iron Maiden,Brave New World (2000),The Wicker Man
Ashes Against the Grain,Agalloch,Ashes Against the Grain (2006),Falling Snow
Metal Heart,Accept,Metal Heart (1985),Metal Heart
Strong Arm of the Law,Saxon,Strong Arm of the Law (1980),Heavy Metal Thunder
Denim and Leather,Saxon,Denim and Leather (1981),Princess of the Night
Operation: Mindcrime,Queensrÿche,Operation: Mindcrime (1988),Eyes of a Stranger
Whoracle,In Flames,Whoracle (1997),Episode 666
The Jester Race,In Flames,The Jester Race (1996),The Jester Race
Leprosy,Death,Leprosy (1988),Pull the Plug
Don't Break the Oath,Mercyful Fate,Don't Break the Oath (1984),A Dangerous Meeting
Vivid,Living Colour,Vivid (1988),Cult of Personality
Lightning to the Nations,Diamond Head,Lightning to the Nations (1980),Lightning to the Nations
Blood Fire Death,Bathory,Blood Fire Death (1988),Blood Fire Death
Gutter Ballet,Savatage,Gutter Ballet (1989),Gutter Ballet
Blues for the Red Sun,Kyuss,Blues for the Red Sun (1992),Green Machine
Symbolic,Death,Symbolic (1995),Symbolic
Ænima,Tool,Ænima (1996),Eulogy
The New Order,Testament,The New Order (1988),The New Order
In the Nightside Eclipse,Emperor,In the Nightside Eclipse (1994),I Am the Black Wizards
Leviathan,Mastodon,Leviathan (2004),Blood and Thunder
The Sound of Perseverance,Death,The Sound of Perseverance (1998),Scavenger of Human Sorrow
Danzig,Danzig,Danzig (1988),Mother
Kyuss [Welcome to Sky Valley],Kyuss,Kyuss [Welcome to Sky Valley] (1994),Odyssey
Lightning to the Nations,Diamond Head,Lightning to the Nations (1980),Helpless
Strong Arm of the Law,Saxon,Strong Arm of the Law (1980),Dallas 1pm
Epicus Doomicus Metallicus,Candlemass,Epicus Doomicus Metallicus (1986),Solitude
To Mega Therion,Celtic Frost,To Mega Therion (1985),Circle of the Tyrants
Dirt,Alice in Chains,Dirt (1992),Would?
Slaughter of the Soul,At the Gates,Slaughter of the Soul (1995),Slaughter of the Soul
Bonded by Blood,Exodus,Bonded by Blood (1985),Deliver Us to Evil
Show No Mercy,Slayer,Show No Mercy (1983),The Antichrist
Dance of Death,Iron Maiden,Dance of Death (2003),Dance of Death
Welcome to Hell,Venom,Welcome to Hell (1981),In League With Satan
Arise,Sepultura,Arise (1991),Arise
The Mind Is a Terrible Thing to Taste,Ministry,The Mind Is a Terrible Thing to Taste (1989),Thieves
Battle Hymns,Manowar,Battle Hymns (1982),Battle Hymn
Strong Arm of the Law,Saxon,Strong Arm of the Law (1980),Strong Arm of the Law
Vulgar Display of Power,Pantera,Vulgar Display of Power (1992),Fucking Hostile
Nightfall in Middle-Earth,Blind Guardian,Nightfall in Middle-Earth (1998),Mirror Mirror
Somewhere Far Beyond,Blind Guardian,Somewhere Far Beyond (1992),The Bard's Song (In The Forest)
The Real Thing,Faith No More,The Real Thing (1989),From Out of Nowhere
Fire Down Under,Riot,Fire Down Under (1981),Swords & Tequila
Far Beyond Driven,Pantera,Far Beyond Driven (1994),5 Minutes Alone
W.A.S.P.,W.A.S.P.,W.A.S.P. (1984),L.O.V.E. Machine
Vulgar Display of Power,Pantera,Vulgar Display of Power (1992),Mouth for War
Don't Break the Oath,Mercyful Fate,Don't Break the Oath (1984),Come To The Sabbath
Spreading the Disease,Anthrax,Spreading the Disease (1985),Armed and Dangerous
Denim and Leather,Saxon,Denim and Leather (1981),Denim and Leather
A Sun That Never Sets,Neurosis,A Sun That Never Sets (2001),Stones From the Sky
October Rust,Type O Negative,October Rust (1996),My Girlfriend's Girlfriend
Psalm 9,Trouble,Psalm 9 (1984),The Tempter
Rock City,Riot,Rock City (1977),Warrior
Facelift,Alice in Chains,Facelift (1990),We Die Young
The Crimson Idol,W.A.S.P.,The Crimson Idol (1992),The Idol
Tempo of the Damned,Exodus,Tempo of the Damned (2004),Tempo of the Damned
Symbolic,Death,Symbolic (1995),Empty Words
The Last Command,W.A.S.P.,The Last Command (1985),Blind in Texas
Blood Mountain,Mastodon,Blood Mountain (2006),Crystal Skull
Imaginations From the Other Side,Blind Guardian,Imaginations From the Other Side (1995),Imaginations From the Other Side
Slaughter of the Soul,At the Gates,Slaughter of the Soul (1995),Blinded by Fear
Slave to the Grind,Skid Row,Slave to the Grind (1991),Slave to the Grind
The Ritual,Testament,The Ritual (1992),Electric Crown
Black Metal,Venom,Black Metal (1982),Black Metal
Don't Break the Oath,Mercyful Fate,Don't Break the Oath (1984),Desecration of Souls
Another Perfect Day,Motörhead,Another Perfect Day (1983),Shine
Heartwork,Carcass,Heartwork (1993),No Love Lost
Blood Mountain,Mastodon,Blood Mountain (2006),Sleeping Giant
The Hunter,Mastodon,The Hunter (2011),Black Tongue
Hail to England,Manowar,Hail to England (1984),Bridge of Death
Arise,Sepultura,Arise (1991),Dead Embryonic Cells
Emperor's Return,Celtic Frost,Emperor's Return (1985) [EP],Dethroned Emperor
Show No Mercy,Slayer,Show No Mercy (1983),Die by the Sword
Far Beyond Driven,Pantera,Far Beyond Driven (1994),I'm Broken
Twilight of the Thunder God,Amon Amarth,Twilight of the Thunder God (2008),Guardians of Asgaard
Rage Against the Machine,Rage Against the Machine,Rage Against the Machine (1992),Wake Up
The Angel and the Dark River,My Dying Bride,The Angel and the Dark River (1995),The Cry of Mankind
Sacred Heart,Dio,Sacred Heart (1985),Sacred Heart
Psalm 9,Trouble,Psalm 9 (1984),Psalm 9
Accident of Birth,Bruce Dickinson,Accident of Birth (1997),Darkside of Aquarius
Nightfall in Middle-Earth,Blind Guardian,Nightfall in Middle-Earth (1998),Nightfall
A Night at the Opera,Blind Guardian,A Night at the Opera (2002),And Then There Was Silence
Heartwork,Carcass,Heartwork (1993),Heartwork
The Last in Line,Dio,The Last in Line (1984),We Rock
Pleasure to Kill,Kreator,Pleasure to Kill (1986),Pleasure to Kill
Brave New World,Iron Maiden,Brave New World (2000),Blood Brothers
Morbid Tales,Celtic Frost,Morbid Tales (1984),Into the Crypts of Rays
Deliverance,Opeth,Deliverance (2002),Deliverance
Dirt,Alice in Chains,Dirt (1992),Down in a Hole
Inferno,Motörhead,Inferno (2004),Killers
Cleansing,Prong,Cleansing (1994),Snap Your Fingers, Snap Your Neck
Kings of Metal,Manowar,Kings of Metal (1988),Hail and Kill
Suicidal Tendencies,Suicidal Tendencies,Suicidal Tendencies (1983),Institutionalized
Land of the Free,Gamma Ray,Land of the Free (1995),Land of the Free
Welcome to Hell,Venom,Welcome to Hell (1981),Witching Hour
We Care a Lot,Faith No More,We Care a Lot (1985),We Care A Lot
Black Metal,Venom,Black Metal (1982),Countess Bathory
NOLA,Down,NOLA (1995),Stone the Crow
Facelift,Alice in Chains,Facelift (1990),Man in the Box
Oceanborn,Nightwish,Oceanborn (1998),Gethsemane
Necroticism: Descanting the Insalubrious,Carcass,Necroticism: Descanting the Insalubrious (1991),Incarnated Solvent Abuse
Badmotorfinger,Soundgarden,Badmotorfinger (1991),Jesus Christ Pose
Leviathan,Mastodon,Leviathan (2004),Iron Tusk
Alice in Hell,Annihilator,Alice in Hell (1989),Alision Hell
The Dark,Metal Church,The Dark (1986),Start the Fire
Cryptic Writings,Megadeth,Cryptic Writings (1997),Trust
Spellbound,Tygers of Pan Tang,Spellbound (1981),Hellbound
Mutter,Rammstein,Mutter (2001),Mein Herz Brennt
Persistence of Time,Anthrax,Persistence of Time (1990),Got the Time
Stalingrad,Accept,Stalingrad (2012),Stalingrad
Accident of Birth,Bruce Dickinson,Accident of Birth (1997),Taking the Queen
Angel Witch,Angel Witch,Angel Witch (1980),Angel of Death
Candlemass,Candlemass,Candlemass (2005),Black Dwarf
End of All Days,Rage,End of All Days (1996),Higher Than the Sky
Metal on Metal,Anvil,Metal on Metal (1982),Metal On Metal
Demanufacture,Fear Factory,Demanufacture (1995),Demanufacture
Night of the Stormrider,Iced Earth,Night of the Stormrider (1991),Stormrider
Images and Words,Dream Theater,Images and Words (1992),Pull Me Under
Practice What You Preach,Testament,Practice What You Preach (1989),Practice What You Preach
Animal (F**k Like a Beast) / Show No Mercy,W.A.S.P.,Animal (F**k Like a Beast) / Show No Mercy (1984) [Single],Animal (Fuck Like a Beast)
Angels Cry,Angra,Angels Cry (1993),Carry On
Gutter Ballet,Savatage,Gutter Ballet (1989),When the Crowds are Gone
With Oden on Our Side,Amon Amarth,With Oden on Our Side (2006),Valhall Awaits Me
The New Order,Testament,The New Order (1988),The Preacher
The Legacy,Testament,The Legacy (1987),Over the Wall
Spellbound,Tygers of Pan Tang,Spellbound (1981),Gangland
Fabulous Disaster,Exodus,Fabulous Disaster (1989),The Toxic Waltz
State of Euphoria,Anthrax,State of Euphoria (1988),Antisocial
Diary of a Madman,Ozzy Osbourne,Diary of a Madman (1981),You Can't Kill Rock and Roll
Images and Words,Dream Theater,Images and Words (1992),Metropolis Pt. 1 - The Miracle and the Sleeper
Killing Is My Business... And Business Is Good!,Megadeth,Killing Is My Business... And Business Is Good! (1985),Mechanix
Bastards,Motörhead,Bastards (1993),I Am the Sword
1916,Motörhead,1916 (1991),I'm So Bad (Baby I Don't Care)
Rage Against the Machine,Rage Against the Machine,Rage Against the Machine (1992),Bullet in the Head
Metal Church,Metal Church,Metal Church (1984),Metal Church
Night of the Stormrider,Iced Earth,Night of the Stormrider (1991),Pure Evil
Nightfall,Candlemass,Nightfall (1987),Samarithan
De mysteriis dom Sathanas,Mayhem,De mysteriis dom Sathanas (1994),Pagan Fears
With Oden on Our Side,Amon Amarth,With Oden on Our Side (2006),Runes to My Memory
Ozzmosis,Ozzy Osbourne,Ozzmosis (1995),Perry Mason
The Chemical Wedding,Bruce Dickinson,The Chemical Wedding (1998),Jerusalem
Astro-Creep: 2000 - Songs of Love, Destruction and Other Synthetic Delusions of the Electric Head,White Zombie,Astro-Creep: 2000 - Songs of Love, Destruction and Other Synthetic Delusions of the Electric Head (1995),More Human Than Human
State of Euphoria,Anthrax,State of Euphoria (1988),Be All, End All
Abigail,King Diamond,Abigail (1987),A Mansion in Darkness
Lights Camera Revolution,Suicidal Tendencies,Lights Camera Revolution (1990),You Can't Bring Me Down
The Last in Line,Dio,The Last in Line (1984),Egypt (The Chains Are On)
Angel Dust,Faith No More,Angel Dust (1992),A Small Victory
Ashes Against the Grain,Agalloch,Ashes Against the Grain (2006),Limbs
The Battle of Los Angeles,Rage Against the Machine,The Battle of Los Angeles (1999),Guerrilla Radio
Metal Church,Metal Church,Metal Church (1984),Beyond The Black
Monotheist,Celtic Frost,Monotheist (2006),A Dying God Coming into Human Flesh
Heartwork,Carcass,Heartwork (1993),Buried Dreams
Nightfall,Candlemass,Nightfall (1987),At the Gallows End
Danzig,Danzig,Danzig (1988),Twist of Cain
The Eye,King Diamond,The Eye (1990),Eye of the Witch
Operation: Mindcrime,Queensrÿche,Operation: Mindcrime (1988),Spreading the Disease
Metal Church,Metal Church,Metal Church (1984),Gods of Wrath
Icon,Paradise Lost,Icon (1993),True Belief
Suicidal Tendencies,Suicidal Tendencies,Suicidal Tendencies (1983),I Saw your Mommy
Burnt Offerings,Iced Earth,Burnt Offerings (1995),Dante's Inferno
Individual Thought Patterns,Death,Individual Thought Patterns (1993),The Philosopher
Black Gives Way to Blue,Alice in Chains,Black Gives Way to Blue (2009),Black Gives Way to Blue
My Arms, Your Hearse,Opeth,My Arms, Your Hearse (1998),Demon of the Fall
Anthems to the Welkin at Dusk,Emperor,Anthems to the Welkin at Dusk (1997),With Strength I Burn
Breaker,Accept,Breaker (1981),Breaker
In the Shadows,Mercyful Fate,In the Shadows (1993),Egypt
No Rest for the Wicked,Ozzy Osbourne,No Rest for the Wicked (1988),Miracle Man
The Dark,Metal Church,The Dark (1986),Watch the Children Pray
Reise, Reise,Rammstein,Reise, Reise (2004),Mein Teil
Dream Evil,Dio,Dream Evil (1987),Sunset Superman
The Great Cold Distance,Katatonia,The Great Cold Distance (2006),My Twin
Sign of the Hammer,Manowar,Sign of the Hammer (1984),Sign of the Hammer
Antichrist Superstar,Marilyn Manson,Antichrist Superstar (1996),The Beautiful People
The Headless Children,W.A.S.P.,The Headless Children (1989),The Headless Children
Bloody Kisses,Type O Negative,Bloody Kisses (1993),Bloody Kisses (A Death in the Family)
Shades of God,Paradise Lost,Shades of God (1992),As I Die
Melissa,Mercyful Fate,Melissa (1983),Satan's Fall
Hall of the Mountain King,Savatage,Hall of the Mountain King (1987),24 Hours Ago
Cowboys From Hell,Pantera,Cowboys From Hell (1990),Domination
Empire,Queensrÿche,Empire (1990),Jet City Woman
The Legacy,Testament,The Legacy (1987),Alone in the Dark
A Matter of Life and Death,Iron Maiden,A Matter of Life and Death (2006),The Legacy
Scum,Napalm Death,Scum (1987),Scum
Youthanasia,Megadeth,Youthanasia (1994),Train of Consequences
Power & the Glory,Saxon,Power & the Glory (1983),Power & the Glory
"Them",King Diamond,"Them" (1988),The Invisible Guests
Persistence of Time,Anthrax,Persistence of Time (1990),In My World
Walls of Jericho,Helloween,Walls of Jericho (1985),Ride the Sky
City,Strapping Young Lad,City (1997),Oh My Fucking God
The Mantle,Agalloch,The Mantle (2002),In the Shadow of Our Pale Companion
Ænima,Tool,Ænima (1996),Stinkfist
De mysteriis dom Sathanas,Mayhem,De mysteriis dom Sathanas (1994),Funeral Fog
Sons of Northern Darkness,Immortal,Sons of Northern Darkness (2002),Sons of Northern Darkness
Crack the Skye,Mastodon,Crack the Skye (2009),The Czar: I. Usurper, II. Escape, III. Marty, IV. Spiral
Obsolete,Fear Factory,Obsolete (1998),Edgecrusher
King for a Day... Fool for a Lifetime,Faith No More,King for a Day... Fool for a Lifetime (1995),Digging the Grave
Mutter,Rammstein,Mutter (2001),Ich will
Run to the Light,Trouble,Run to the Light (1987),The Misery Shows
Coma of Souls,Kreator,Coma of Souls (1990),People of the Lie
To Mega Therion,Celtic Frost,To Mega Therion (1985),The Usurper
Kyuss [Welcome to Sky Valley],Kyuss,Kyuss [Welcome to Sky Valley] (1994),Supa Scoopa & Mighty Scoop
Images and Words,Dream Theater,Images and Words (1992),Under a Glass Moon
Slave to the Grind,Skid Row,Slave to the Grind (1991),Monkey Business
Imaginations From the Other Side,Blind Guardian,Imaginations From the Other Side (1995),The Script for My Requiem
Pleasure to Kill,Kreator,Pleasure to Kill (1986),Riot of Violence
Somewhere Out in Space,Gamma Ray,Somewhere Out in Space (1997),Valley of the Kings
Remission,Mastodon,Remission (2002),March of the Fire Ants
Metropolis Pt. 2: Scenes From a Memory,Dream Theater,Metropolis Pt. 2: Scenes From a Memory (1999),Home
The Sound of Perseverance,Death,The Sound of Perseverance (1998),Flesh and the Power it Holds
Tales of Creation,Candlemass,Tales of Creation (1989),A Tale of Creation
Hammer of the North,Grand Magus,Hammer of the North (2010),Hammer of the North
Future World,Pretty Maids,Future World (1987),Future World
Death or Glory,Running Wild,Death or Glory (1989),Riding the Storm
Empire,Queensrÿche,Empire (1990),Empire
Versus the World,Amon Amarth,Versus the World (2002),Death In Fire
The Battle of Los Angeles,Rage Against the Machine,The Battle of Los Angeles (1999),Testify
Burning Bridges,Arch Enemy,Burning Bridges (1999),Silverwing
The Carnival Bizarre,Cathedral,The Carnival Bizarre (1995),Hopkins (The Witchfinder General)
Bloody Kisses,Type O Negative,Bloody Kisses (1993),Black No. 1 (Little Miss Scare-All)
Hammerheart,Bathory,Hammerheart (1990),One Rode to Asa Bay
Never, Neverland,Annihilator,Never, Neverland (1990),Phantasmagoria
This Godless Endeavor,Nevermore,This Godless Endeavor (2005),This Godless Endeavor
At the Edge of Time,Blind Guardian,At the Edge of Time (2010),Sacred Worlds
Crimson Glory,Crimson Glory,Crimson Glory (1986),Dragon Lady
Viva Emptiness,Katatonia,Viva Emptiness (2003),Evidence
Dead Heart in a Dead World,Nevermore,Dead Heart in a Dead World (2000),Narcosynthesis
Iron Will,Grand Magus,Iron Will (2008),Iron Will
Blessing in Disguise,Metal Church,Blessing in Disguise (1989),Fake Healer
The Gathering Wilderness,Primordial,The Gathering Wilderness (2005),The Coffin Ships
Crack the Skye,Mastodon,Crack the Skye (2009),Crack the Skye
Gothic,Paradise Lost,Gothic (1991),Gothic
In the Nightside Eclipse,Emperor,In the Nightside Eclipse (1994),Inno A Satana
Transilvanian Hunger,Darkthrone,Transilvanian Hunger (1994),Transilvanian Hunger
Once Sent From the Golden Hall,Amon Amarth,Once Sent From the Golden Hall (1998),Victorious March
Six Degrees of Inner Turbulence,Dream Theater,Six Degrees of Inner Turbulence (2002),The Glass Prison
See You in Hell,Grim Reaper,See You in Hell (1983),See You in Hell
Battle Cry,Omen,Battle Cry (1984),Death Rider
Extreme Aggression,Kreator,Extreme Aggression (1989),Extreme Aggression
The Dark Saga,Iced Earth,The Dark Saga (1996),The Hunter
Necroticism: Descanting the Insalubrious,Carcass,Necroticism: Descanting the Insalubrious (1991),Corporal Jigsore Quandary
A Blaze in the Northern Sky,Darkthrone,A Blaze in the Northern Sky (1992),Kathaarian Life Code
The Dreadful Hours,My Dying Bride,The Dreadful Hours (2001),The Raven and the Rose
Deathcrush,Mayhem,Deathcrush (1987) [EP],Deathcrush
Alice in Hell,Annihilator,Alice in Hell (1989),W.T.Y.D
The House of Atreus: Act I,Virgin Steele,The House of Atreus: Act I (1999),Kingdom of the Fearless (The Destruction of Troy)
Blood Fire Death,Bathory,Blood Fire Death (1988),Dies Irae
Fighting the World,Manowar,Fighting the World (1987),Fighting the World
Demo Tape,Blitzkrieg,Demo Tape (1980) [EP],Blitzkrieg
No More Color,Coroner,No More Color (1989),Die by My Hand
To the Nameless Dead,Primordial,To the Nameless Dead (2007),Gallows Hymn
Hellbilly Deluxe,Rob Zombie,Hellbilly Deluxe (1998),Dragula
Silent Waters,Amorphis,Silent Waters (2007),Silent Waters
Undertow,Tool,Undertow (1993),Sober
Into Glory Ride,Manowar,Into Glory Ride (1983),Gates of Valhalla
Under a Funeral Moon,Darkthrone,Under a Funeral Moon (1993),Under a Funeral Moon
Draconian Times,Paradise Lost,Draconian Times (1995),Forever Failure
Bloody Kisses,Type O Negative,Bloody Kisses (1993),Christian Woman
Awake,Dream Theater,Awake (1994),6:00
Dehumanizer,Black Sabbath,Dehumanizer (1992),TV Crimes
In the Nightside Eclipse,Emperor,In the Nightside Eclipse (1994),Into the Infinity of Thoughts
Altars of Madness,Morbid Angel,Altars of Madness (1989),Immortal Rites
Under the Sign of the Black Mark,Bathory,Under the Sign of the Black Mark (1987),Woman of Dark Desires
Transcendence,Crimson Glory,Transcendence (1988),Where Dragons Rule
Bathory,Bathory,Bathory (1984),Raise the Dead
King of the Grey Islands,Candlemass,King of the Grey Islands (2007),Of Stars and Smoke
Court in the Act,Satan,Court in the Act (1983),Trial by Fire
Skyforger,Amorphis,Skyforger (2009),From the Heaven of My Heart
Wild Cat,Tygers of Pan Tang,Wild Cat (1980),Euthanasia
Album of the Year,Faith No More,Album of the Year (1997),Ashes to Ashes
At the Heart of Winter,Immortal,At the Heart of Winter (1999),At the Heart of Winter
Demanufacture,Fear Factory,Demanufacture (1995),Replica
Blues for the Red Sun,Kyuss,Blues for the Red Sun (1992),Freedom Run
Shoot Out the Lights / Helpless,Diamond Head,Shoot Out the Lights / Helpless (1980) [Single],Shoot Out the Lights
Badmotorfinger,Soundgarden,Badmotorfinger (1991),Outshined
This Godless Endeavor,Nevermore,This Godless Endeavor (2005),Final Product
Given to the Rising,Neurosis,Given to the Rising (2007),Water is Not Enough
Mercyful Fate,Mercyful Fate,Mercyful Fate (1982) [EP],A Corpse Without Soul
Human,Death,Human (1991),Lack of Comprehension
Violent Revolution,Kreator,Violent Revolution (2001),Violent Revolution
Through Silver in Blood,Neurosis,Through Silver in Blood (1996),Through Silver in Blood
By Inheritance,Artillery,By Inheritance (1990),By Inheritance
Hammerheart,Bathory,Hammerheart (1990),Shores in Flames
Orchid,Opeth,Orchid (1995),The Twilight is my Robe
Into the Pandemonium,Celtic Frost,Into the Pandemonium (1987),Mexican Radio
Helloween,Helloween,Helloween (1985) [EP],Victim of Fate
Damage Done,Dark Tranquillity,Damage Done (2002),Final Resistance
Crimson Glory,Crimson Glory,Crimson Glory (1986),Angels of War
Resurrection,Halford,Resurrection (2000),Silent Screams
Warhead / Lady Lust / Seven Gates of Hell,Venom,Warhead / Lady Lust / Seven Gates of Hell (1984) [Single],Seven Gates of Hell
Conspiracy,King Diamond,Conspiracy (1989),At The Graves
Clayman,In Flames,Clayman (2000),Bullet Ride
Skyforger,Amorphis,Skyforger (2009),Sky is Mine
Into the Mirror Black,Sanctuary,Into the Mirror Black (1990),Future Tense
Awake,Dream Theater,Awake (1994),Caught in a Web
The Devil You Know,Heaven & Hell,The Devil You Know (2009),Atom and Evil
Lateralus,Tool,Lateralus (2001),Lateralus
Kivenkantaja,Moonsorrow,Kivenkantaja (2003),Raunioilla
Burn My Eyes,Machine Head,Burn My Eyes (1994),Old
Still Life,Opeth,Still Life (1999),Godhead's Lament
Ecliptica,Sonata Arctica,Ecliptica (1999),8th Commandment
La Sexorcisto: Devil Music Vol. 1,White Zombie,La Sexorcisto: Devil Music Vol. 1 (1992),Thunder Kiss '65
The Great Cold Distance,Katatonia,The Great Cold Distance (2006),July
Colony,In Flames,Colony (1999),Ordinary Story
Wildhoney,Tiamat,Wildhoney (1994),Whatever That Hurts
The Years of Decay,Overkill,The Years of Decay (1989),I Hate
Bonded by Blood,Exodus,Bonded by Blood (1985),A Lesson In Violence
The Light at the End of the World,My Dying Bride,The Light at the End of the World (1999),She is the Dark
Blood of the Nations,Accept,Blood of the Nations (2010),Teutonic Terror
Land of the Free,Gamma Ray,Land of the Free (1995),Rebellion in Dreamland
Draconian Times,Paradise Lost,Draconian Times (1995),Hallowed Land
The Blackening,Machine Head,The Blackening (2007),Halo
Blessing in Disguise,Metal Church,Blessing in Disguise (1989),Badlands
The Gathering,Testament,The Gathering (1999),D.N.R. (Do Not Resuscitate)
Burning Bridges,Arch Enemy,Burning Bridges (1999),The Immortal
Metal Heart,Accept,Metal Heart (1985),Midnight Mover
Beneath the Remains,Sepultura,Beneath the Remains (1989),Stronger than Hate
Spellbound,Tygers of Pan Tang,Spellbound (1981),Take It
Clayman,In Flames,Clayman (2000),Only for the Weak
Queensrÿche,Queensrÿche,Queensrÿche (1983) [EP],Queen of the Reich
Visions,Stratovarius,Visions (1997),Black Diamond
Demolition,Girlschool,Demolition (1980),Emergency
Bonded by Blood,Exodus,Bonded by Blood (1985),Bonded by Blood
Wiseblood,Corrosion of Conformity,Wiseblood (1996),Long Whip/Big America
Feel the Fire,Overkill,Feel the Fire (1985),Rotten To The Core
Dimension Hatröss,Voivod,Dimension Hatröss (1988),Experiment
Pure Holocaust,Immortal,Pure Holocaust (1993),The Sun No Longer Rises
The Ethereal Mirror,Cathedral,The Ethereal Mirror (1993),Ride
10,000 Days,Tool,10,000 Days (2006),Vicarious
Taking Over,Overkill,Taking Over (1987),In Union We Stand
The Mantle,Agalloch,The Mantle (2002),I Am the Wooden Doors
Biomech,Ocean Machine,Biomech (1997),Funeral
Enemies of Reality,Nevermore,Enemies of Reality (2003),Enemies of Reality
Enemy of God,Kreator,Enemy of God (2005),Enemy of God
Once,Nightwish,Once (2004),Dark Chest of Wonders
Burnt Offerings,Iced Earth,Burnt Offerings (1995),Burnt Offerings
The Formation of Damnation,Testament,The Formation of Damnation (2008),More Than Meets the Eye
The Human Factor,Metal Church,The Human Factor (1991),The Human Factor
Kivenkantaja,Moonsorrow,Kivenkantaja (2003),Unohduksen lapsi
Slaughter of the Soul,At the Gates,Slaughter of the Soul (1995),Under a Serpent Sun
Morbid Visions,Sepultura,Morbid Visions (1986),Troops of Doom
Something Wicked This Way Comes,Iced Earth,Something Wicked This Way Comes (1998),The Coming Curse
Babylon,W.A.S.P.,Babylon (2009),Babylon's Burning
Burn My Eyes,Machine Head,Burn My Eyes (1994),Davidian
October Rust,Type O Negative,October Rust (1996),Wolf Moon (Including Zoanthropic Paranoia)
Fire Down Under,Riot,Fire Down Under (1981),Outlaw
At the Heart of Winter,Immortal,At the Heart of Winter (1999),Withstand the Fall of Time
How Will I Laugh Tomorrow When I Can't Even Smile Today,Suicidal Tendencies,How Will I Laugh Tomorrow When I Can't Even Smile Today (1988),Trip at the Brain
Head On,Samson,Head On (1980),Vice Versa
Sirens,Savatage,Sirens (1983),Sirens
Visual Lies,Lizzy Borden,Visual Lies (1987),Me Against the World
Mental Vortex,Coroner,Mental Vortex (1991),Semtex Revolution
Blessed Are the Sick,Morbid Angel,Blessed Are the Sick (1991),Fall From Grace
The Nightcomers,Holocaust,The Nightcomers (1981),Death or Glory
At the Heart of Winter,Immortal,At the Heart of Winter (1999),Solarfall
Sign of the Hammer,Manowar,Sign of the Hammer (1984),Thor (The Powerhead)
The Dark,Metal Church,The Dark (1986),Ton of Bricks
The Ultra-Violence,Death Angel,The Ultra-Violence (1987),Thrashers
Frequencies From Planet Ten,Orange Goblin,Frequencies From Planet Ten (1997),Orange Goblin
Fatal Portrait,King Diamond,Fatal Portrait (1986),Halloween
Epicus Doomicus Metallicus,Candlemass,Epicus Doomicus Metallicus (1986),A Sorcerer’s Pledge
Refuge Denied,Sanctuary,Refuge Denied (1987),Die for My Sins
Resurrection,Halford,Resurrection (2000),Resurrection
System of a Down,System of a Down,System of a Down (1998),Spiders
Edge of Thorns,Savatage,Edge of Thorns (1993),Edge of Thorns
All for You,Annihilator,All for You (2004),Dr. Psycho
Speak English or Die,S.O.D.,Speak English or Die (1985),Speak English or Die
Anthems to the Welkin at Dusk,Emperor,Anthems to the Welkin at Dusk (1997),Ye Entrancemperium
Marrow of the Spirit,Agalloch,Marrow of the Spirit (2010),Ghosts of the Midwinter Fires
Wiped Out,Raven,Wiped Out (1982),Faster Than the Speed of Light
The American Way,Sacred Reich,The American Way (1990),The American Way
Icon,Paradise Lost,Icon (1993),Embers Fire
Frequencies From Planet Ten,Orange Goblin,Frequencies From Planet Ten (1997),Saruman's Wish
Battle Hymns,Manowar,Battle Hymns (1982),Metal Daze
Cleansing,Prong,Cleansing (1994),Whose Fist Is This Anyway?
Demanufacture,Fear Factory,Demanufacture (1995),Pisschrist
Sehnsucht,Rammstein,Sehnsucht (1997),Engel
Killing the Dragon,Dio,Killing the Dragon (2002),Killing the Dragon
The Somberlain,Dissection,The Somberlain (1993),The Somberlain
To the Nameless Dead,Primordial,To the Nameless Dead (2007),As Rome Burns
Kings of Metal,Manowar,Kings of Metal (1988),Kings of Metal
Never, Neverland,Annihilator,Never, Neverland (1990),The Fun Palace
Altars of Madness,Morbid Angel,Altars of Madness (1989),Maze of Torment
The Nightcomers,Holocaust,The Nightcomers (1981),Heavy Metal Mania
Ample Destruction,Jag Panzer,Ample Destruction (1984),Licensed to Kill
Dimension Hatröss,Voivod,Dimension Hatröss (1988),Tribal Convictions
The Mind Is a Terrible Thing to Taste,Ministry,The Mind Is a Terrible Thing to Taste (1989),So What?
NOLA,Down,NOLA (1995),Lifer
Angel Witch,Angel Witch,Angel Witch (1980),Sorceress
Fate of Norns,Amon Amarth,Fate of Norns (2004),The Pursuit of Vikings
Never, Neverland,Annihilator,Never, Neverland (1990),Never, Neverland
City,Strapping Young Lad,City (1997),Detox
Eternal Devastation,Destruction,Eternal Devastation (1986),Curse the Gods
King of the Kill,Annihilator,King of the Kill (1994),King of the Kill
Brave Murder Day,Katatonia,Brave Murder Day (1996),Brave
Still Life,Opeth,Still Life (1999),The Moor
Turn Loose the Swans,My Dying Bride,Turn Loose the Swans (1993),Your River
Harmony Corruption,Napalm Death,Harmony Corruption (1990),Suffer the Children
The Great Southern Trendkill,Pantera,The Great Southern Trendkill (1996),War Nerve
Sons of Northern Darkness,Immortal,Sons of Northern Darkness (2002),One by One
Transcendence,Crimson Glory,Transcendence (1988),Red Sharks
Altars of Madness,Morbid Angel,Altars of Madness (1989),Chapel of Ghouls
Dead Heart in a Dead World,Nevermore,Dead Heart in a Dead World (2000),The River Dragon Has Come
Tyranny of Souls,Bruce Dickinson,Tyranny of Souls (2005),Power of the Sun
Under the Sign of the Black Mark,Bathory,Under the Sign of the Black Mark (1987),Enter The Eternal Fire
Something Wicked This Way Comes,Iced Earth,Something Wicked This Way Comes (1998),Burning Times
Transcendence,Crimson Glory,Transcendence (1988),Masque of the Red Death
A Burnt Offering for the Bone Idol,Skyclad,A Burnt Offering for the Bone Idol (1992),Spinning Jenny
A Blaze in the Northern Sky,Darkthrone,A Blaze in the Northern Sky (1992),In the Shadow of the Horns
Hatebreeder,Children of Bodom,Hatebreeder (1999),Silent Night, Bodom Night
Slow, Deep and Hard,Type O Negative,Slow, Deep and Hard (1991),Unsuccessfully Coping With the Natural Beauty of Infidelity
Mabool: The Story of the Three Sons of Seven,Orphaned Land,Mabool: The Story of the Three Sons of Seven (2004),Mabool (The Flood)
Tales From the Thousand Lakes,Amorphis,Tales From the Thousand Lakes (1994),Black Winter Day
Join the Army,Suicidal Tendencies,Join the Army (1987),War Inside My Head
Ancient Dreams,Candlemass,Ancient Dreams (1988),Darkness In Paradise
Nothingface,Voivod,Nothingface (1989),The Unknown Knows
The Silent Enigma,Anathema,The Silent Enigma (1995),A Dying Wish
ThunderSteel,Riot,ThunderSteel (1988),Thundersteel
King of the Dead,Cirith Ungol,King of the Dead (1984),Master of the Pit
IX Equilibrium,Emperor,IX Equilibrium (1999),An Elegy of Icaros
Born Again,Black Sabbath,Born Again (1983),Trashed
Conspiracy,King Diamond,Conspiracy (1989),Sleepless Nights
Angel of Retribution,Judas Priest,Angel of Retribution (2005),Deal With the Devil
The Curse,Omen,The Curse (1986),Teeth of the Hydra
Time Travelling Blues,Orange Goblin,Time Travelling Blues (1998),Time Travelling Blues
Set the World on Fire,Annihilator,Set the World on Fire (1993),Set the World on Fire
Ironbound,Overkill,Ironbound (2010),Ironbound
Pale Folklore,Agalloch,Pale Folklore (1999),As Embers Dress the Sky
Tattooed Millionaire,Bruce Dickinson,Tattooed Millionaire (1990),Tattooed Millionaire
Extreme Aggression,Kreator,Extreme Aggression (1989),Betrayer
Borrowed Time,Diamond Head,Borrowed Time (1982),Borrowed Time
Wayward Sons of Mother Earth,Skyclad,Wayward Sons of Mother Earth (1991),The Sky Beneath My Feet
Awaken the Guardian,Fates Warning,Awaken the Guardian (1986),Fata Morgana
The Years of Decay,Overkill,The Years of Decay (1989),Elimination
Deliverance,Corrosion of Conformity,Deliverance (1994),Clean My Wounds
Dopethrone,Electric Wizard,Dopethrone (2000),Dopethrone
Agent Orange,Sodom,Agent Orange (1989),Agent Orange
All for One,Raven,All for One (1983),Take Control
The Dark Ride,Helloween,The Dark Ride (2000),The Dark Ride
Low,Testament,Low (1994),Dog Faced Gods
Infinite,Stratovarius,Infinite (2000),Hunting High and Low
The Ultimate Sin,Ozzy Osbourne,The Ultimate Sin (1986),Killer of Giants
Panopticon,Isis,Panopticon (2004),Backlit
Time Travelling Blues,Orange Goblin,Time Travelling Blues (1998),Blue Snow
Saint Vitus,Saint Vitus,Saint Vitus (1984),Saint Vitus
Sound of White Noise,Anthrax,Sound of White Noise (1993),Black Lodge
Gambling With the Devil,Helloween,Gambling With the Devil (2007),The Bells of the 7 Hells
Trouble,Trouble,Trouble (1990),All is Forgiven
Sons of Northern Darkness,Immortal,Sons of Northern Darkness (2002),Tyrants
Resurrection,Halford,Resurrection (2000),Made in Hell
Battle Cry,Omen,Battle Cry (1984),The Axeman
Come My Fanatics...,Electric Wizard,Come My Fanatics... (1997),Return Trip
Triumph and Agony,Warlock,Triumph and Agony (1987),All We Are
Under the Influence,Overkill,Under the Influence (1988),Hello from the Gutter
One Second,Paradise Lost,One Second (1997),Say Just Words
The Ultra-Violence,Death Angel,The Ultra-Violence (1987),Mistress of Pain
Last Fair Deal Gone Down,Katatonia,Last Fair Deal Gone Down (2001),Teargas
Awaken the Guardian,Fates Warning,Awaken the Guardian (1986),Exodus
Victims of Deception,Heathen,Victims of Deception (1991),Heathen's Song
Terria,Devin Townsend,Terria (2001),Deep Peace
Killing Technology,Voivod,Killing Technology (1987),Killing Technology
Abigail,King Diamond,Abigail (1987),The Family Ghost
The Devil You Know,Heaven & Hell,The Devil You Know (2009),Breaking Into Heaven
Endgame,Megadeth,Endgame (2009),Head Crusher
Stoner Witch,Melvins,Stoner Witch (1994),Revolve
Slipknot,Slipknot,Slipknot (1999),Wait and Bleed
Agent Orange,Sodom,Agent Orange (1989),Remember the Fallen
Age of Consent,Virgin Steele,Age of Consent (1988),The Burning of Rome (Cry for Pompeii)
Fabulous Disaster,Exodus,Fabulous Disaster (1989),Fabulous Disaster
"Them",King Diamond,"Them" (1988),Welcome Home
M-16,Sodom,M-16 (2001),Napalm in the Morning
The Spectre Within,Fates Warning,The Spectre Within (1985),Kyrie Eleison
Rock Until You Drop,Raven,Rock Until You Drop (1981),Hard Ride
Doomsday for the Deceiver,Flotsam and Jetsam,Doomsday for the Deceiver (1986),Hammerhead
How Will I Laugh Tomorrow When I Can't Even Smile Today,Suicidal Tendencies,How Will I Laugh Tomorrow When I Can't Even Smile Today (1988),How Will I Laugh Tomorrow
History of a Time to Come,Sabbat,History of a Time to Come (1988),Behind the Crooked Cross
Doomsday for the Deceiver,Flotsam and Jetsam,Doomsday for the Deceiver (1986),She Took An Axe
Lionheart,Saxon,Lionheart (2004),Witchfinder General
Terrible Certainty,Kreator,Terrible Certainty (1987),Terrible Certainty
Into the Mirror Black,Sanctuary,Into the Mirror Black (1990),Taste Revenge
Black Metal,Venom,Black Metal (1982),Buried Alive
Death Is This Communion,High on Fire,Death Is This Communion (2007),Rumors of War
Beg to Differ,Prong,Beg to Differ (1990),Beg to Differ
Parallels,Fates Warning,Parallels (1991),Point of View
Endless Pain,Kreator,Endless Pain (1985),Tormentor
Stand Up and Fight,Quartz,Stand Up and Fight (1980),Stoking Up the Fires of Hell
Static Tensions,Kylesa,Static Tensions (2009),Running Red
Crystal Logic,Manilla Road,Crystal Logic (1983),Necropolis
Houdini,Melvins,Houdini (1993),Hooch
The Warning,Queensrÿche,The Warning (1984),Take Hold of the Flame
Frost and Fire,Cirith Ungol,Frost and Fire (1981),Frost and Fire
Victims of Deception,Heathen,Victims of Deception (1991),Hypnotized
Somewhere Out in Space,Gamma Ray,Somewhere Out in Space (1997),Beyond The Black Hole
Victims of Deception,Heathen,Victims of Deception (1991),Prisoners Of Fate
Pentagram,Pentagram,Pentagram (1985),20 Buck Spin
By Inheritance,Artillery,By Inheritance (1990),Bombfood
The Puppet Master,King Diamond,The Puppet Master (2003),Blood to Walk
No Place for Disgrace,Flotsam and Jetsam,No Place for Disgrace (1988),No Place For Disgrace
Voimasta ja kunniasta,Moonsorrow,Voimasta ja kunniasta (2001),Sankaritarina
Pentagram,Pentagram,Pentagram (1985),Sign of the Wolf (Pentagram)
Quartz,Quartz,Quartz (1977),Mainline Riders
Dead Winter Dead,Savatage,Dead Winter Dead (1995),Dead Winter Dead
The Nightcomers,Holocaust,The Nightcomers (1981),Smokin' Valves
Tunes of War,Grave Digger,Tunes of War (1996),Rebellion (The Clans Are Marching)
Danzig III: How the Gods Kill,Danzig,Danzig III: How the Gods Kill (1992),Dirty Black Summer
Ample Destruction,Jag Panzer,Ample Destruction (1984),Symphony of Terror
Menace to Society,Lizzy Borden,Menace to Society (1986),Notorious
Frost and Fire,Cirith Ungol,Frost and Fire (1981),I'm Alive
Darkness Descends,Dark Angel,Darkness Descends (1986),The Burning of Sodom
Seven Churches,Possessed,Seven Churches (1985),Death Metal
Symbol of Salvation,Armored Saint,Symbol of Salvation (1991),Reign of Fire
Forged in Fire,Anvil,Forged in Fire (1983),Winged Assassins
Burnt Offerings,Iced Earth,Burnt Offerings (1995),Brainwashed
Game Over,Nuclear Assault,Game Over (1986),Vengence
Traveller,The Lord Weird Slough Feg,Traveller (2003),High Passage / Low Passage
The Ultra-Violence,Death Angel,The Ultra-Violence (1987),Evil Priest
Killing Technology,Voivod,Killing Technology (1987),Overreaction
Danzig II: Lucifuge,Danzig,Danzig II: Lucifuge (1990),Devil's Plaything
Promised Land,Queensrÿche,Promised Land (1994),Promised Land
See You in Hell,Grim Reaper,See You in Hell (1983),All Hell Let Loose
Dreaming Neon Black,Nevermore,Dreaming Neon Black (1999),Beyond Within
The Politics of Ecstasy,Nevermore,The Politics of Ecstasy (1996),The Seven Tongues of God
Taking Over,Overkill,Taking Over (1987),Deny The Cross
Symbol of Salvation,Armored Saint,Symbol of Salvation (1991),Hanging Judge
Pleasures of the Flesh,Exodus,Pleasures of the Flesh (1987),Till Death Do Us Part
The Human Equation,Ayreon,The Human Equation (2004),Day Sixteen: Loser
Morningrise,Opeth,Morningrise (1996),To Bid You Farewell
Covenant,Morbid Angel,Covenant (1993),Rapture
The Mantle,Agalloch,The Mantle (2002),You Were But A Ghost In My Arms
Port Royal,Running Wild,Port Royal (1988),Conquistadores
Forbidden Evil,Forbidden,Forbidden Evil (1988),Chalice of Blood
Red, Hot and Heavy,Pretty Maids,Red, Hot and Heavy (1984),Back to Back
Under Jolly Roger,Running Wild,Under Jolly Roger (1987),Under Jolly Roger
Battle Cry,Omen,Battle Cry (1984),Battle Cry
Focus,Cynic,Focus (1993),Veil of Maya
Swansong,Carcass,Swansong (1996),Keep on Rotting in the Free World
Blessed Are the Sick,Morbid Angel,Blessed Are the Sick (1991),Blessed Are the Sick / Leading the Rats
Anthems to the Welkin at Dusk,Emperor,Anthems to the Welkin at Dusk (1997),The Loss and Curse of Reverence
City,Strapping Young Lad,City (1997),All Hail the New Flesh
Marrow of the Spirit,Agalloch,Marrow of the Spirit (2010),Black Lake Nidstång
Draconian Times,Paradise Lost,Draconian Times (1995),The Last Time
Blind,Corrosion of Conformity,Blind (1991),Vote with a Bullet
Awake,Dream Theater,Awake (1994),Voices
Houdini,Melvins,Houdini (1993),Night Goat
Storm of the Light's Bane,Dissection,Storm of the Light's Bane (1995),Thorns of Crimson Death
Crimson Glory,Crimson Glory,Crimson Glory (1986),Azrael
One Second,Paradise Lost,One Second (1997),One Second
A Sun That Never Sets,Neurosis,A Sun That Never Sets (2001),The Tide
Darkness Descends,Dark Angel,Darkness Descends (1986),Darkness Descends
Iced Earth,Iced Earth,Iced Earth (1991),Iced Earth
The Dreadful Hours,My Dying Bride,The Dreadful Hours (2001),The Dreadful Hours
Evil Empire,Rage Against the Machine,Evil Empire (1996),Bulls on Parade
Lateralus,Tool,Lateralus (2001),Parabola
Viva Emptiness,Katatonia,Viva Emptiness (2003),Ghost of the Sun
1919 Eternal,Black Label Society,1919 Eternal (2002),Demise of Sanity
Into the Mirror Black,Sanctuary,Into the Mirror Black (1990),Seasons of Destruction
No World Order,Gamma Ray,No World Order (2001),Dethrone Tyranny
Left Hand Path,Entombed,Left Hand Path (1990),Left Hand Path
Nattfödd,Finntroll,Nattfödd (2004),Trollhammaren
あくまのうた (Akuma no uta),Boris,あくまのうた (Akuma no uta) (2003),Ibitsu
Head On,Samson,Head On (1980),Hard Times
The Marriage of Heaven and Hell: Part One,Virgin Steele,The Marriage of Heaven and Hell: Part One (1994),I Will Come For You
Toxicity,System of a Down,Toxicity (2001),Aerials
Tomb of the Mutilated,Cannibal Corpse,Tomb of the Mutilated (1992),Hammer Smashed Face
The IVth Crusade,Bolt Thrower,The IVth Crusade (1992),The IVth Crusade
Accelerated Evolution,The Devin Townsend Band,Accelerated Evolution (2003),Storm
No Exit,Fates Warning,No Exit (1988),Anarchy Divine
Blind,Corrosion of Conformity,Blind (1991),Dance of the Dead
Forged in Fire,Anvil,Forged in Fire (1983),Forged in Fire
Natural Born Chaos,Soilwork,Natural Born Chaos (2002),Follow the Hollow
Age of Winters,The Sword,Age of Winters (2006),Freya
Metropolis Pt. 2: Scenes From a Memory,Dream Theater,Metropolis Pt. 2: Scenes From a Memory (1999),Strange Déjà Vu
Anthems of Rebellion,Arch Enemy,Anthems of Rebellion (2003),We Will Rise
Ignorance,Sacred Reich,Ignorance (1987),Ignorance
Deftones,Deftones,Deftones (2003),Minerva
Hatebreeder,Children of Bodom,Hatebreeder (1999),Downfall
Wages of Sin,Arch Enemy,Wages of Sin (2001),Ravenous
The Blackening,Machine Head,The Blackening (2007),Aesthetics of Hate
Astro-Creep: 2000 - Songs of Love, Destruction and Other Synthetic Delusions of the Electric Head,White Zombie,Astro-Creep: 2000 - Songs of Love, Destruction and Other Synthetic Delusions of the Electric Head (1995),Super-Charger Heaven
Streets: A Rock Opera,Savatage,Streets: A Rock Opera (1991),Jesus Saves
Terror Squad,Artillery,Terror Squad (1987),The Challenge
Down Among the Deadmen,The Lord Weird Slough Feg,Down Among the Deadmen (2000),Warriors Dawn
Episode,Stratovarius,Episode (1996),Speed of Light
System of a Down,System of a Down,System of a Down (1998),Sugar
Follow the Leader,Korn,Follow the Leader (1998),Freak on a Leash
Houdini,Melvins,Houdini (1993),Honey Bucket
Wayward Sons of Mother Earth,Skyclad,Wayward Sons of Mother Earth (1991),The Widdershins Jig
Seven Churches,Possessed,Seven Churches (1985),The Exorcist
Mabool: The Story of the Three Sons of Seven,Orphaned Land,Mabool: The Story of the Three Sons of Seven (2004),Ocean Land (The Revelation)
The Evolution of Chaos,Heathen,The Evolution of Chaos (2010),Dying Season
Tokyo Blade,Tokyo Blade,Tokyo Blade (1983),If Heaven Is Hell
Refuge Denied,Sanctuary,Refuge Denied (1987),Battle Angels
March of the Saint,Armored Saint,March of the Saint (1984),Can U Deliver
Grin,Coroner,Grin (1993),Internal Conflicts
Seven Churches,Possessed,Seven Churches (1985),Burning in Hell
War and Pain,Voivod,War and Pain (1984),Voivod
Sleep's Holy Mountain,Sleep,Sleep's Holy Mountain (1992),Holy Mountain
March of the Saint,Armored Saint,March of the Saint (1984),March of the Saint
The Marriage of Heaven and Hell Part Two,Virgin Steele,The Marriage of Heaven and Hell Part Two (1995),Emalaith
Manic Frustration,Trouble,Manic Frustration (1992),Memory's Garden
Unto the Locust,Machine Head,Unto the Locust (2011),Locust
Iron Will,Grand Magus,Iron Will (2008),Fear Is the Key
Death Penalty,Witchfinder General,Death Penalty (1982),Burning a Sinner
Clayman,In Flames,Clayman (2000),Pinball Map
Irreligious,Moonspell,Irreligious (1996),Opium
The Silent Enigma,Anathema,The Silent Enigma (1995),Restless Oblivion
Abducted,Hypocrisy,Abducted (1996),Roswell 47
Effigy of the Forgotten,Suffocation,Effigy of the Forgotten (1991),Infecting The Crypts
Twisted Into Form,Forbidden,Twisted Into Form (1990),Step by Step
Panopticon,Isis,Panopticon (2004),So Did We
Paradise Lost,Symphony X,Paradise Lost (2007),Domination
Verisäkeet,Moonsorrow,Verisäkeet (2005),Jotunheim
Forever Autumn,Lake of Tears,Forever Autumn (1999),So Fell Autumn Rain
King of the Dead,Cirith Ungol,King of the Dead (1984),Black Machine
Dead Heart in a Dead World,Nevermore,Dead Heart in a Dead World (2000),Inside Four Walls
Hammer of the North,Grand Magus,Hammer of the North (2010),Ravens Guide Our Way
Vikingligr veldi,Enslaved,Vikingligr veldi (1994),Vetrarnótt
The Force,Onslaught,The Force (1986),Metal Forces
Karma,Kamelot,Karma (2001),Forever
Russian Roulette,Accept,Russian Roulette (1986),Aiming High
Below the Lights,Enslaved,Below the Lights (2003),As Fire Swept Clean the Earth
Epica,Kamelot,Epica (2003),The Center of the Universe
Black Future,Vektor,Black Future (2009),Accelerating Universe
A Distant Thunder,Helstar,A Distant Thunder (1988),The King Is Dead
Death in the Nursery,Legend,Death in the Nursery (1982),Why Don't You Kill Me?
Clandestine,Entombed,Clandestine (1991),Living Dead
Fabulous Disaster,Exodus,Fabulous Disaster (1989),Verbal Razors
Black Hand Inn,Running Wild,Black Hand Inn (1994),Soulless
In Search of Truth,Evergrey,In Search of Truth (2001),The Masterplan
The Divine Wings of Tragedy,Symphony X,The Divine Wings of Tragedy (1997),Of Sins And Shadow
Storm of the Light's Bane,Dissection,Storm of the Light's Bane (1995),Where Dead Angels Lie
Deliverance,Corrosion of Conformity,Deliverance (1994),Albatross
Voimasta ja kunniasta,Moonsorrow,Voimasta ja kunniasta (2001),Sankarihauta
Bullhead,Melvins,Bullhead (1991),Boris
Probot,Probot,Probot (2004),Centuries of Sin (with Cronos)
No Place for Disgrace,Flotsam and Jetsam,No Place for Disgrace (1988),I Live You Die
Train of Thought,Dream Theater,Train of Thought (2003),As I Am
The System Has Failed,Megadeth,The System Has Failed (2004),The Scorpion
Storm of the Light's Bane,Dissection,Storm of the Light's Bane (1995),Night's Blood
Survive,Nuclear Assault,Survive (1988),Brainwashed
Tales From the Twilight World,Blind Guardian,Tales From the Twilight World (1990),Lost in the Twilight Hall
W.F.O.,Overkill,W.F.O. (1994),Bastard Nation
The Metal Opera Pt. II,Avantasia,The Metal Opera Pt. II (2002),The Final Sacrifice
White Pony,Deftones,White Pony (2000),Digital Bath
Spectrum of Death,Morbid Saint,Spectrum of Death (1990),Assassin
Court in the Act,Satan,Court in the Act (1983),No Turning Back
Narita,Riot,Narita (1979),Road Racin’
A Blaze in the Northern Sky,Darkthrone,A Blaze in the Northern Sky (1992),The Pagan Winter
The Black Halo,Kamelot,The Black Halo (2005),March of Mephisto
Iron Will,Grand Magus,Iron Will (2008),Like the Oar Strikes the Water
A Deeper Kind of Slumber,Tiamat,A Deeper Kind of Slumber (1997),Cold Seed
Born Too Late,Saint Vitus,Born Too Late (1986),Dying Inside
Transilvanian Hunger,Darkthrone,Transilvanian Hunger (1994),Skald av Satans Sol
The Red in the Sky Is Ours,At the Gates,The Red in the Sky Is Ours (1992),Kingdom Gone
...And the Circus Leaves Town,Kyuss,...And the Circus Leaves Town (1995),Spaceship Landing
Oceanic,Isis,Oceanic (2002),The Beginning and the End
La masquerade infernale,Arcturus,La masquerade infernale (1997),The Chaos Path
Ænima,Tool,Ænima (1996),Ænema
Awaken the Guardian,Fates Warning,Awaken the Guardian (1986),Valley of the Dolls
Persecution Mania,Sodom,Persecution Mania (1987),Persecution Mania
Invictus,Virgin Steele,Invictus (1998),Veni, Vidi, Vici
Left Hand Path,Entombed,Left Hand Path (1990),Revel in Flesh
Crucible,Halford,Crucible (2002),Betrayal
Beyond the Gates,Possessed,Beyond the Gates (1986),Beyond the Gates
Love You to Pieces,Lizzy Borden,Love You to Pieces (1985),American Metal
World Downfall,Terrorizer,World Downfall (1989),Fear of Napalm
Shock Tactics,Samson,Shock Tactics (1981),Riding With the Angels
Into the Depths of Sorrow,Solitude Aeturnus,Into the Depths of Sorrow (1991),Mirror of Sorrow
Stand Up and Fight,Quartz,Stand Up and Fight (1980),Charlie Snow
Punishment for Decadence,Coroner,Punishment for Decadence (1988),Skeleton on Your Shoulder
Wild Cat,Tygers of Pan Tang,Wild Cat (1980),Killers
Around the Fur,Deftones,Around the Fur (1997),Be Quiet and Drive (Far Away)
Cruelty and the Beast,Cradle of Filth,Cruelty and the Beast (1998),Cruelty Brought Thee Orchids
Given to the Rising,Neurosis,Given to the Rising (2007),Given to the Rising
Reroute to Remain,In Flames,Reroute to Remain (2002),Trigger
Crystal Logic,Manilla Road,Crystal Logic (1983),Flaming Metal System
The Eye of Every Storm,Neurosis,The Eye of Every Storm (2004),The Eye of Every Storm
Static Tensions,Kylesa,Static Tensions (2009),Scapegoat
A Sultans Ransom,Cloven Hoof,A Sultans Ransom (1989),Mistress of the Forest
Streetcleaner,Godflesh,Streetcleaner (1989),Streetcleaner
The Gallery,Dark Tranquillity,The Gallery (1995),The Gallery
Shovel Headed Kill Machine,Exodus,Shovel Headed Kill Machine (2005),Deathamphetamine
ThunderSteel,Riot,ThunderSteel (1988),Flight of the Warrior
Sentence of Death,Destruction,Sentence of Death (1984) [EP],Mad Butcher
Holy Land,Angra,Holy Land (1996),Nothing to Say
Breaking the Silence,Heathen,Breaking the Silence (1987),Open The Grave
The Divine Wings of Tragedy,Symphony X,The Divine Wings of Tragedy (1997),The Divine Wings of Tragedy
Act III,Death Angel,Act III (1990),Seemingly Endless Time
The More Things Change...,Machine Head,The More Things Change... (1997),Ten Ton Hammer
Nosferatu,Helstar,Nosferatu (1989),Baptized in Blood
Dances of Death (And Other Walking Shadows),Mekong Delta,Dances of Death (And Other Walking Shadows) (1990),Transgressor
The Sham Mirrors,Arcturus,The Sham Mirrors (2002),Nightmare Heaven
Hvis lyset tar oss,Burzum,Hvis lyset tar oss (1994),Det Som En Gang Var
Rage for Order,Queensrÿche,Rage for Order (1986),Screaming in Digital
The Land of Rape and Honey,Ministry,The Land of Rape and Honey (1988),Stigmata
Once,Nightwish,Once (2004),Ghost Love Score
Axe Crazy / War Machine,Jaguar,Axe Crazy / War Machine (1982) [Single],Axe Crazy
Soundchaser,Rage,Soundchaser (2003),Soundchaser
Spectrum of Death,Morbid Saint,Spectrum of Death (1990),Lock up Your Children
The Big Black,Orange Goblin,The Big Black (2000),Scorpionica
V: Hävitetty,Moonsorrow,V: Hävitetty (2007),Jäästä syntynyt / Varjojen virta
The Unreal Never Lived,YOB,The Unreal Never Lived (2005),Quantum Mystic
Cause of Death,Obituary,Cause of Death (1990),Cause of Death
World Coming Down,Type O Negative,World Coming Down (1999),All Hallows Eve
Traced in Air,Cynic,Traced in Air (2008),Evolutionary Sleeper
Death Magic Doom,Candlemass,Death Magic Doom (2009),Hammer of Doom
Delirious Nomad,Armored Saint,Delirious Nomad (1985),Nervous Man
Prince of the Poverty Line,Skyclad,Prince of the Poverty Line (1994),Cardboard City
Dopethrone,Electric Wizard,Dopethrone (2000),Vinum Sabbathi
Crystal Logic,Manilla Road,Crystal Logic (1983),Crystal Logic
Nothingface,Voivod,Nothingface (1989),Nothingface
Terria,Devin Townsend,Terria (2001),Canada
The Spectre Within,Fates Warning,The Spectre Within (1985),Orphan Gypsy
Breaking the Silence,Heathen,Breaking the Silence (1987),Death By Hanging
Times of Grace,Neurosis,Times of Grace (1999),The Last You'll Know
The Skull,Trouble,The Skull (1985),Wickedness of Man
Wildhoney,Tiamat,Wildhoney (1994),Gaia
Danzig,Danzig,Danzig (1988),Am I Demon
Forbidden Evil,Forbidden,Forbidden Evil (1988),Through Eyes of Glass
Gods of the Earth,The Sword,Gods of the Earth (2008),How Heavy This Axe
Master Control,Liege Lord,Master Control (1988),Master Control
Hellbilly Deluxe,Rob Zombie,Hellbilly Deluxe (1998),Superbeast
Mutter,Rammstein,Mutter (2001),Feuer frei!
Black Future,Vektor,Black Future (2009),Black Future
The Metal Opera,Avantasia,The Metal Opera (2001),Sign of the Cross
Like Gods of the Sun,My Dying Bride,Like Gods of the Sun (1996),A Kiss to Remember
Betty,Helmet,Betty (1994),Wilma's Rainbow
Digital Dictator,Vicious Rumors,Digital Dictator (1988),Digital Dictator
The Blessed Hellride,Black Label Society,The Blessed Hellride (2003),Stillborn
Hellfire Club,Edguy,Hellfire Club (2004),The Piper Never Dies
Buried Alive / Blitzkrieg,Blitzkrieg,Buried Alive / Blitzkrieg (1981) [Single],Buried Alive
Ample Destruction,Jag Panzer,Ample Destruction (1984),Generally Hostile
The Wake of Magellan,Savatage,The Wake of Magellan (1997),The Wake of Magellan
Ecliptica,Sonata Arctica,Ecliptica (1999),FullMoon
Axioma Ethica Odini,Enslaved,Axioma Ethica Odini (2010),Ethica Odini
Red, Hot and Heavy,Pretty Maids,Red, Hot and Heavy (1984),Red, Hot and Heavy
Review Your Choices,Pentagram,Review Your Choices (1999),Forever My Queen
Doomsday Machine,Arch Enemy,Doomsday Machine (2005),Nemesis
Horrorscope,Overkill,Horrorscope (1991),Horrorscope
Through the Ashes of Empires,Machine Head,Through the Ashes of Empires (2003),Imperium
Dreamweaver,Sabbat,Dreamweaver (1989),Do Dark Horses Dream of Nightmares?
Piece of Time,Atheist,Piece of Time (1990),Piece of Time
Schizophrenia,Sepultura,Schizophrenia (1987),To the Wall
Enemy of the Sun,Neurosis,Enemy of the Sun (1993),Raze the Stray
Elegy,Amorphis,Elegy (1996),Better Unborn
Blood Lust / In nomine Satanas,Venom,Blood Lust / In nomine Satanas (1982) [Single],Bloodlust
Down,Sentenced,Down (1996),Noose
Stronger Than Heaven,Stormwitch,Stronger Than Heaven (1986),Stronger Than Heaven
Danzig II: Lucifuge,Danzig,Danzig II: Lucifuge (1990),Her Black Wings
The Perfect Element I,Pain of Salvation,The Perfect Element I (2000),The Perfect Element
War of Words,Fight,War of Words (1993),Into the Pit
Black in Mind,Rage,Black in Mind (1995),Sent by the Devil
All for One,Raven,All for One (1983),Break the Chain
Symphony of Enchanted Lands,Rhapsody,Symphony of Enchanted Lands (1998),Emerald Sword
Wolf's Return,Grand Magus,Wolf's Return (2005),Kingslayer
Demo Tape,Blitzkrieg,Demo Tape (1980) [EP],Armageddon
Shock Tactics,Samson,Shock Tactics (1981),Go to Hell
Dreamweaver,Sabbat,Dreamweaver (1989),Wildfire
From Mars to Sirius,Gojira,From Mars to Sirius (2005),Flying Whales
Under a Funeral Moon,Darkthrone,Under a Funeral Moon (1993),Natassja In Eternal Sleep
Dominator,W.A.S.P.,Dominator (2007),The Burning Man
Infernal Overkill,Destruction,Infernal Overkill (1985),Bestial Invasion
Outer Isolation,Vektor,Outer Isolation (2011),Tetrastructural Minds
Cause of Death,Obituary,Cause of Death (1990),Chopped in Half
Alive or Just Breathing,Killswitch Engage,Alive or Just Breathing (2002),My Last Serenade
Meantime,Helmet,Meantime (1992),In the Meantime
The New Black,Strapping Young Lad,The New Black (2006),Far Beyond Metal
Marching Out,Yngwie J. Malmsteen's Rising Force,Marching Out (1985),I Am a Viking
Somewhere Along the Highway,Cult of Luna,Somewhere Along the Highway (2006),Finland
From Mars to Sirius,Gojira,From Mars to Sirius (2005),Ocean Planet
The Black Halo,Kamelot,The Black Halo (2005),Soul Society
Deathcrush,Mayhem,Deathcrush (1987) [EP],Pure Fucking Armageddon
The Metal Opera,Avantasia,The Metal Opera (2001),Reach Out for the Light
Power of Inner Strength,Grip Inc.,Power of Inner Strength (1995),Hostage to Heaven
Focus,Cynic,Focus (1993),Textures
Live Insurrection,Halford,Live Insurrection (2001),Screaming in the Dark
Gates to Purgatory,Running Wild,Gates to Purgatory (1984),Prisoner of Our Time
Deathcrush,Mayhem,Deathcrush (1987) [EP],Necrolust
Fröm the Fjörds,Legend,Fröm the Fjörds (1979),The Destroyer
Mental Vortex,Coroner,Mental Vortex (1991),Metamorphosis
Somewhere Out in Space,Gamma Ray,Somewhere Out in Space (1997),Somewhere Out in Space
Puritanical Euphoric Misanthropia,Dimmu Borgir,Puritanical Euphoric Misanthropia (2001),Kings Of The Carnival Creation
Nighttime Birds,The Gathering,Nighttime Birds (1997),The May Song
Visions,Stratovarius,Visions (1997),The Kiss of Judas
Recreation Day,Evergrey,Recreation Day (2003),Recreation Day
The American Way,Sacred Reich,The American Way (1990),Love... Hate
Pierced From Within,Suffocation,Pierced From Within (1995),Pierced From Within
Bergtatt: Et eeventyr i 5 capitler,Ulver,Bergtatt: Et eeventyr i 5 capitler (1995),Capitel I: I troldskog faren vild
Surf Nicaragua,Sacred Reich,Surf Nicaragua (1988) [EP],Surf Nicaragua
Wintersun,Wintersun,Wintersun (2004),Starchild
Det som engang var,Burzum,Det som engang var (1993),Lost Wisdom
Theli,Therion,Theli (1996),To Mega Therion
Blessed Black Wings,High on Fire,Blessed Black Wings (2005),Devilution
Tales From the Thousand Lakes,Amorphis,Tales From the Thousand Lakes (1994),The Castaway
Hellbilly Deluxe,Rob Zombie,Hellbilly Deluxe (1998),Living Dead Girl
Panopticon,Isis,Panopticon (2004),In Fiction
Dopethrone,Electric Wizard,Dopethrone (2000),Funeralopolis
Primitive,Soulfly,Primitive (2000),Back to the Primitive
The Force,Onslaught,The Force (1986),Let There be Death
Character,Dark Tranquillity,Character (2005),Lost to Apathy
Give 'Em Hell,Witchfynde,Give 'Em Hell (1980),Give 'Em Hell
The Deluge,Manilla Road,The Deluge (1986),Divine Victim
Probot,Probot,Probot (2004),Shake Your Blood (with Lemmy)
Sailing the Seas of Cheese,Primus,Sailing the Seas of Cheese (1991),Tommy The Cat
Róka Hasa Rádió,Thy Catafalque,Róka Hasa Rádió (2009),Molekuláris gépezetek
Highway Rider / Red Lights,Black Axe,Highway Rider / Red Lights (1980) [Single],Highway Rider
Forest of Equilibrium,Cathedral,Forest of Equilibrium (1991),Ebony Tears
Sleep's Holy Mountain,Sleep,Sleep's Holy Mountain (1992),Dragonaut
Turn Loose the Swans,My Dying Bride,Turn Loose the Swans (1993),The Crown of Sympathy
Traveller,The Lord Weird Slough Feg,Traveller (2003),Vargr Theme / Confrontation (Genetic Prophesy)
Badmotorfinger,Soundgarden,Badmotorfinger (1991),Slaves & Bulldozers
Don't Need Your Money / Wiped Out,Raven,Don't Need Your Money / Wiped Out (1980) [Single],Don't Need Your Money
The Privilege of Power,Riot,The Privilege of Power (1990),Dance of Death
Warning of Danger,Omen,Warning of Danger (1985),March On
Legend,Legend,Legend (1981),Song for a Soldier
Clouds,Tiamat,Clouds (1992),The Sleeping Beauty
Covenant,Morbid Angel,Covenant (1993),God of Emptiness
Death Penalty,Witchfinder General,Death Penalty (1982),Free Country
Master of the Rings,Helloween,Master of the Rings (1994),Sole Survivor
Wolverine Blues,Entombed,Wolverine Blues (1993),Out of Hand
Love You to Pieces,Lizzy Borden,Love You to Pieces (1985),Psychopath
Follow the Reaper,Children of Bodom,Follow the Reaper (2000),Hate Me!
Fear No Evil,Grim Reaper,Fear No Evil (1985),Fear No Evil
The Bleeding,Cannibal Corpse,The Bleeding (1994),Stripped, Raped And Strangled
Dragonslayer,Dream Evil,Dragonslayer (2002),The Chosen Ones